model,clean,zoom_blur,snow,glass_blur
base_llama,0.0,0.0,0.0,0.0
llava_cot,115.53293413173652,128.07185628742516,130.11976047904193,129.1556886227545
qwen2_5_vl,0.0,0.0,0.0,0.0
r1_onevision,364.92814371257487,371.1437125748503,348.8562874251497,361.07185628742513
