model,clean,zoom_blur,snow,glass_blur
base_llama,0.13525293173721978,0.13630879183362918,0.12857978241895704,0.13344469173162932
llava_cot,0.07539415881721784,0.07791281206555437,0.08326487900871087,0.074525987818252
qwen2_5_vl,0.08443202277739895,0.08772032649599283,0.09246983405228455,0.08762339802926832
r1_onevision,0.052812240831175604,0.05556230098529269,0.05220602236464368,0.05161369806715702
