model,clean,zoom_blur,snow,glass_blur
base_llama,0.0,0.0,0.0,0.0
llava_cot,0.011976047904191617,0.017964071856287425,0.017964071856287425,0.023952095808383235
qwen2_5_vl,0.0,0.005988023952095809,0.0,0.005988023952095809
r1_onevision,0.017964071856287425,0.005988023952095809,0.011976047904191617,0.029940119760479042
