model,clean,zoom_blur,snow,glass_blur
base_llama,0.2694610778443114,0.2155688622754491,0.24550898203592814,0.2694610778443114
llava_cot,0.2634730538922156,0.17964071856287425,0.20958083832335328,0.20359281437125748
qwen2_5_vl,0.041916167664670656,0.011976047904191617,0.023952095808383235,0.023952095808383235
r1_onevision,0.005988023952095809,0.005988023952095809,0.005988023952095809,0.005988023952095809
