model,clean,zoom_blur,snow,glass_blur
base_llama,0.0,0.023952095808383235,0.005988023952095809,0.059880239520958084
llava_cot,0.011976047904191617,0.0,0.017964071856287425,0.03592814371257485
qwen2_5_vl,0.0,0.0,0.0,0.0
r1_onevision,0.0,0.0,0.0,0.017964071856287425
