model,clean,zoom_blur,snow,glass_blur
base_llama,0.21837051931074994,0.48025589024082743,0.3763726698531953,0.5142469979868366
llava_cot,0.3713467983094037,0.4067217859177074,0.27929869298782034,0.34888046970767106
qwen2_5_vl,0.4246681399715094,0.535297205218825,0.4451607634030517,0.48272842375539465
r1_onevision,0.2423741280893291,0.30591198267164554,0.20597352355326817,0.30366679243024564
