model,clean,zoom_blur,snow,glass_blur
base_llama,0.0,0.0,0.0,0.0
llava_cot,0.7664670658682635,0.8682634730538922,0.8502994011976048,0.874251497005988
qwen2_5_vl,0.0,0.0,0.0,0.0
r1_onevision,1.0,0.9940119760479041,1.0,1.0
