model,clean,zoom_blur,snow,glass_blur
base_llama,175.07784431137725,168.67065868263472,167.76646706586826,171.4251497005988
llava_cot,96.25748502994011,102.62275449101796,108.1556886227545,100.20958083832335
qwen2_5_vl,218.21556886227546,229.125748502994,226.79640718562874,225.50299401197606
r1_onevision,116.45508982035928,122.36526946107784,117.08982035928143,119.50299401197604
