model,clean,zoom_blur,snow,glass_blur
base_llama,0.75473960763639,0.744416233156902,0.7564863535639156,0.7538006394863064
llava_cot,0.787991535243097,0.7713331894139633,0.7784768157213389,0.7756329772666695
qwen2_5_vl,0.8081259821383694,0.8008099222094561,0.7992828788448629,0.7974624881767758
r1_onevision,0.8094893454967177,0.8080204195382639,0.8101335647827129,0.7933409607065314
