model,clean,zoom_blur,snow,glass_blur
base_llama,0.3608088349120452,0.47384353188520095,0.4086266935725245,0.41136188459205225
llava_cot,0.665750541480692,0.7379593264162715,0.7170283755619512,0.7871175969572534
qwen2_5_vl,0.38174097593960793,0.3530138020901264,0.3607654201352784,0.36193302939931987
r1_onevision,0.6910198930962625,0.6712775659395886,0.6988220226655021,0.8284538889089148
